{
  "overall_accuracy": 0.641,
  "confusion_matrix": [
    [
      287,
      26,
      43,
      10,
      15,
      11
    ],
    [
      17,
      13,
      8,
      3,
      10,
      6
    ],
    [
      60,
      27,
      58,
      3,
      23,
      6
    ],
    [
      11,
      2,
      4,
      2,
      3,
      2
    ],
    [
      23,
      5,
      7,
      0,
      268,
      2
    ],
    [
      14,
      13,
      4,
      0,
      1,
      13
    ]
  ],
  "classification_report": {
    "Class_0": {
      "precision": 0.6966019417475728,
      "recall": 0.7321428571428571,
      "f1-score": 0.7139303482587065,
      "support": 392.0
    },
    "Class_1": {
      "precision": 0.1511627906976744,
      "recall": 0.22807017543859648,
      "f1-score": 0.18181818181818182,
      "support": 57.0
    },
    "Class_2": {
      "precision": 0.46774193548387094,
      "recall": 0.327683615819209,
      "f1-score": 0.3853820598006645,
      "support": 177.0
    },
    "Class_3": {
      "precision": 0.1111111111111111,
      "recall": 0.08333333333333333,
      "f1-score": 0.09523809523809523,
      "support": 24.0
    },
    "Class_4": {
      "precision": 0.8375,
      "recall": 0.8786885245901639,
      "f1-score": 0.8576,
      "support": 305.0
    },
    "Class_5": {
      "precision": 0.325,
      "recall": 0.28888888888888886,
      "f1-score": 0.3058823529411765,
      "support": 45.0
    },
    "accuracy": 0.641,
    "macro avg": {
      "precision": 0.4315196298400383,
      "recall": 0.4231345658688414,
      "f1-score": 0.42330850634280415,
      "support": 1000.0
    },
    "weighted avg": {
      "precision": 0.6372037294821278,
      "recall": 0.641,
      "f1-score": 0.636055377633834,
      "support": 1000.0
    }
  }
}